[
  {
    "Name": "Acme Corporation 1",
    "Type": "Partner",
    "Industry": "Finance",
    "Phone": "555-425-3618",
    "Website": "www.acme1.com",
    "AccountNumber": "ACCT-0001",
    "AnnualRevenue": "29964765",
    "NumberOfEmployees": "1736",
    "BillingStreet": "123 Market Street",
    "BillingCity": "San Francisco",
    "BillingState": "Michigan",
    "BillingPostalCode": "94105",
    "BillingCountry": "United States"
  },
  {
    "Name": "Acme Corporation 2",
    "Type": "Customer",
    "Industry": "Retail",
    "Phone": "555-114-4877",
    "Website": "www.acme2.com",
    "AccountNumber": "ACCT-0002",
    "AnnualRevenue": "9037517",
    "NumberOfEmployees": "4765",
    "BillingStreet": "123 Market Street",
    "BillingCity": "San Francisco",
    "BillingState": "New Hampshire",
    "BillingPostalCode": "94105",
    "BillingCountry": "United States"
  }]