<?xml version="1.0" encoding="UTF-8"?>

<mule xmlns:batch="http://www.mulesoft.org/schema/mule/batch" xmlns:ee="http://www.mulesoft.org/schema/mule/ee/core"
	xmlns:http="http://www.mulesoft.org/schema/mule/http"
	xmlns="http://www.mulesoft.org/schema/mule/core" xmlns:doc="http://www.mulesoft.org/schema/mule/documentation" xmlns:xsi="http://www.w3.org/2001/XMLSchema-instance" xsi:schemaLocation="http://www.mulesoft.org/schema/mule/core http://www.mulesoft.org/schema/mule/core/current/mule.xsd
http://www.mulesoft.org/schema/mule/http http://www.mulesoft.org/schema/mule/http/current/mule-http.xsd
http://www.mulesoft.org/schema/mule/ee/core http://www.mulesoft.org/schema/mule/ee/core/current/mule-ee.xsd
http://www.mulesoft.org/schema/mule/batch http://www.mulesoft.org/schema/mule/batch/current/mule-batch.xsd">
	<http:listener-config name="HTTP_Listener_config" doc:name="HTTP Listener config" doc:id="293058a0-97da-46fe-a444-95073c451247" >
		<http:listener-connection host="0.0.0.0" port="8081" />
	</http:listener-config>
	<http:request-config name="HTTP_Request_configuration" doc:name="HTTP Request configuration" doc:id="81531d42-2029-46e3-9a3e-278b6bd0807c" >
		<http:request-connection protocol="HTTPS" host="${sfdc.sapi.url}" />
	</http:request-config>
	<flow name="salesforce-create-accounts-parallel-for-each-flow" doc:id="5fd9b567-5c16-4f4d-befe-003f662a1aee" >
		<logger level="INFO" doc:name="Log Start Flow" doc:id="2bc99759-daad-43a7-b69c-35e3063a53e1" message='#["MuleSoft Account Creation Started"]'/>
		<ee:transform doc:name="Transform to JSON" doc:id="8e5882e3-1140-45fc-9e9a-53295958fd43" >
			<ee:message >
				<ee:set-payload ><![CDATA[%dw 2.0
output application/json
---
payload]]></ee:set-payload>
			</ee:message>
		</ee:transform>
		<parallel-foreach doc:name="Parallel For Each" doc:id="5ba72f1b-0b33-4f8a-a235-46ba87ce796f" collection="#[payload]" maxConcurrency="5">
			<try doc:name="Try" doc:id="f81983db-e8c2-403a-a08a-86816768b78c">
				<ee:transform doc:name="Transform Message - JSON" doc:id="da917521-5abd-4fa1-8da7-ec5a6a4feee2">
				<ee:message>
					<ee:set-payload><![CDATA[%dw 2.0
output application/json
---
[{	"Name": payload.Name as String,
	"Type": payload.Type as String,
	"Industry": payload.Industry as String,
	"Phone": payload.Phone as String,
	"Website": payload.Website as String,
	"AccountNumber": payload.AccountNumber as String,
	"AnnualRevenue": payload.AnnualRevenue as Number ,
	"NumberOfEmployees": payload.NumberOfEmployees as Number,
	"BillingStreet": payload.BillingStreet as String,
	"BillingCity": payload.BillingCity as String,
	"BillingPostalCode": payload.BillingPostalCode as String,
	"BillingCountry": payload.BillingCountry as String
}]]]></ee:set-payload>
				</ee:message>
			</ee:transform>
				<logger level="INFO" doc:name="Logger" doc:id="39d6482d-85e0-423b-abaf-98e3480cd4b8" message="#[payload]" />
				<http:request method="POST" doc:name="Request Salesforce System API" doc:id="b8e81e36-ad63-4aa8-81a8-55076930e69e" config-ref="HTTP_Request_configuration" path="${sfdc.sapi.accountPath}">
				<http:headers><![CDATA[#[{
	"client_id": Mule::p('secure::sfdc.sapi.clientId'),
	"client_secret": Mule::p('secure::sfdc.sapi.clientSecret'),
	"Content-Type": "application/json"
}]]]></http:headers>
			</http:request>
				<ee:transform doc:name="Transform Message - JSON Response" doc:id="8ad375a7-04c1-45e2-8272-8379f2708b55">
				<ee:message>
					<ee:set-payload><![CDATA[%dw 2.0
output application/json
---
payload]]></ee:set-payload>
				</ee:message>
			</ee:transform>
				<logger level="INFO" doc:name="Logger" doc:id="2e5b1f7c-8e3d-437b-b6d5-457d8e90ce85" message="#[payload]" />
				<error-handler>
					<on-error-continue enableNotifications="true" logException="true" doc:name="On Error Continue" doc:id="3601ab9e-9cf5-46df-b228-2f4393125695" type="ANY">
						<logger level="INFO" doc:name="Logger" doc:id="5dc49609-3124-4030-aebf-f49c0a21c392" message="#[error.description]" />
					</on-error-continue>
				</error-handler>
			</try>
		</parallel-foreach>
		<logger level="INFO" doc:name="Logger" doc:id="28e860ec-ca67-48f3-9924-7387ca98d2f9" message="#[payload]"/>
		<logger level="INFO" doc:name="Log End Flow" doc:id="c66b6899-d184-4a62-b8c8-0b45021f4ba0" message='#["MuleSoft Account Creation Completed"]'/>
	</flow>
	<flow name="salesforce-accounts-batch-processing" doc:id="45a4e697-f579-40cb-b39e-87634e81b2b6" >
		<http:listener doc:name="Listener" doc:id="452ba422-12a7-47d7-aa06-644c825c90af" config-ref="HTTP_Listener_config" path="/batch/accounts" outputMimeType='application/csv; separator=","; header=true' />
		<ee:transform doc:name="Transform Message" doc:id="8e198bd5-2b09-4372-92f5-11a4abfeb6f5" >
			<ee:message >
				<ee:set-payload ><![CDATA[%dw 2.0
output application/json
---
payload]]></ee:set-payload>
			</ee:message>
		</ee:transform>
		<batch:job jobName="salesforce-accounts-implBatch_Job" doc:id="bb0c248c-585c-4fd8-bce4-983774e7377b" maxFailedRecords="-1" maxConcurrency="2">
			<batch:process-records >
				<batch:step name="Batch_Step" doc:id="dfbf4971-6ea8-44ee-b398-923b29506cad" >
					<ee:transform doc:name="Transform Message - JSON" doc:id="1c42b4f9-d3db-4028-bf88-fb461db59271" >
						<ee:message >
							<ee:set-payload ><![CDATA[%dw 2.0
output application/json
---
{	"Name": payload.Name as String,
	"Type": payload.Type as String,
	"Industry": payload.Industry as String,
	"Phone": payload.Phone as String,
	"Website": payload.Website as String,
	"AccountNumber": payload.AccountNumber as String,
	"AnnualRevenue": payload.AnnualRevenue as Number ,
	"NumberOfEmployees": payload.NumberOfEmployees as Number,
	"BillingStreet": payload.BillingStreet as String,
	"BillingCity": payload.BillingCity as String,
	"BillingPostalCode": payload.BillingPostalCode as String,
	"BillingCountry": payload.BillingCountry as String
}]]></ee:set-payload>
						</ee:message>
					</ee:transform>
					<batch:aggregator doc:name="Batch Aggregator" doc:id="8662d794-79c0-427b-aaa6-9170f0a6aa7d" size="200" preserveMimeTypes="true">
						<ee:transform doc:name="Transform Message" doc:id="887f1efd-a031-478b-8672-54022c38886a" >
							<ee:message >
								<ee:set-payload ><![CDATA[%dw 2.0
output application/json
---
payload]]></ee:set-payload>
							</ee:message>
						</ee:transform>
						<logger level="INFO" doc:name="Logger" doc:id="9bb5e44c-4081-4d22-a8f4-4035038b0c08" message="#[payload]" />
						<http:request method="POST" doc:name="Request Salesforce System API" doc:id="630b73c9-fb78-437c-a4dc-d9dee21bef02" config-ref="HTTP_Request_configuration" path="${sfdc.sapi.accountPath}">
						<http:headers><![CDATA[#[{
	"client_id": Mule::p('secure::sfdc.sapi.clientId'),
	"client_secret": Mule::p('secure::sfdc.sapi.clientSecret'),
	"Content-Type": "application/json"
}]]]></http:headers>
					</http:request>
						<ee:transform doc:name="Transform Message - JSON Response" doc:id="cddbc3c4-a224-44e8-9824-522f93dea2e4">
						<ee:message>
							<ee:set-payload><![CDATA[%dw 2.0
output application/json
---
payload]]></ee:set-payload>
						</ee:message>
					</ee:transform>
					</batch:aggregator>
				</batch:step>
			</batch:process-records>
			<batch:on-complete >
				<logger level="INFO" doc:name="Logger" doc:id="0a3ce34d-1847-434b-8aac-46a0aa41fcd6" message="#[payload]"/>
			</batch:on-complete>
		</batch:job>
	</flow>
	<flow name="salesforce-create-accounts-for-each-flow" doc:id="4e2b966e-675b-4b91-b07a-d7681ea04a82" >
		<logger level="INFO" doc:name="Log Start Flow" doc:id="99a26f86-0006-4385-89ef-2d2530a0fb17" message='#["MuleSoft Account Creation Started"]' />
		<ee:transform doc:name="Transform to JSON" doc:id="bf4883fd-74bf-415b-9f7b-b69e821404d7" >
			<ee:message >
				<ee:set-payload ><![CDATA[%dw 2.0
output application/json
---
payload]]></ee:set-payload>
			</ee:message>
		</ee:transform>
		<foreach doc:name="For Each" doc:id="1ae55638-dedd-4e18-9afd-0b862ccddbb4" collection="#[payload]" batchSize="10">
			<try doc:name="Try" doc:id="8707aa0f-988a-4bd4-8df8-696bbbfc467b" >
				<ee:transform doc:name="Transform Message - JSON" doc:id="95264e18-f6fa-4577-b5fb-c217fc9a90d8" >
					<ee:message >
						<ee:set-payload ><![CDATA[%dw 2.0
output application/json
---
[{	"Name": payload.Name as String,
	"Type": payload.Type as String,
	"Industry": payload.Industry as String,
	"Phone": payload.Phone as String,
	"Website": payload.Website as String,
	"AccountNumber": payload.AccountNumber as String,
	"AnnualRevenue": payload.AnnualRevenue as Number ,
	"NumberOfEmployees": payload.NumberOfEmployees as Number,
	"BillingStreet": payload.BillingStreet as String,
	"BillingCity": payload.BillingCity as String,
	"BillingPostalCode": payload.BillingPostalCode as String,
	"BillingCountry": payload.BillingCountry as String
}]]]></ee:set-payload>
					</ee:message>
				</ee:transform>
				<logger level="INFO" doc:name="Logger" doc:id="226dad51-df71-4554-a7f2-593dac126bdf" message="#[payload]" />
				<http:request method="POST" doc:name="Request Salesforce System API" doc:id="b4d6054a-d09e-49d3-8cfc-ab0f31d59778" config-ref="HTTP_Request_configuration" path="${sfdc.sapi.accountPath}" >
					<http:headers ><![CDATA[#[{
	"client_id": Mule::p('secure::sfdc.sapi.clientId'),
	"client_secret": Mule::p('secure::sfdc.sapi.clientSecret'),
	"Content-Type": "application/json"
}]]]></http:headers>
				</http:request>
				<ee:transform doc:name="Transform Message - JSON Response" doc:id="d5104676-4c7a-4479-8d97-fac098021a3e" >
					<ee:message >
						<ee:set-payload ><![CDATA[%dw 2.0
output application/json
---
payload]]></ee:set-payload>
					</ee:message>
				</ee:transform>
				<logger level="INFO" doc:name="Logger1" doc:id="a9eee7a7-2bd5-47bb-9df7-c9675e845402" message="#[payload]" />
				<error-handler >
					<on-error-continue enableNotifications="true" logException="true" doc:name="On Error Continue" doc:id="71937bba-85ef-4904-b0ce-157f6daa5dee" type="ANY" >
						<logger level="INFO" doc:name="Logger" doc:id="c249897b-37c9-4c66-baf9-822b0cfba04d" message="#[error.description]" />
					</on-error-continue>
				</error-handler>
			</try>
		</foreach>
		<logger level="INFO" doc:name="Logger" doc:id="86b202bd-77e2-4f1b-adef-a9ff7b71d279" message="#[payload]" />
		<logger level="INFO" doc:name="Log End Flow" doc:id="7a2bd3ee-2daa-4a90-9dbc-9cbed4e731fd" message='#["MuleSoft Account Creation Completed"]' />
	</flow>
</mule>
