<?xml version='1.0' encoding='UTF-8'?>
<types:mule xmlns:types="http://www.mulesoft.org/schema/mule/types">
  <types:catalog>
    <types:type name="auto_f9e173bd-180a-43c3-a65d-3bf4a55d9cd1_Input-Payload" format="java">
      <types:shape format="weave" example="weave/autogenerated/f9e173bd-180a-43c3-a65d-3bf4a55d9cd1/Input-Payload.wev" autogeneratedOrigin="5496fcee-0a6a-4aa6-8c21-51ce15b753c1"><![CDATA[%dw 2.0

type auto_f9e173bd_180a_43c3_a65d_3bf4a55d9cd1_Input_Payload = Any

]]></types:shape>
    </types:type>
    <types:type name="auto_f9e173bd-180a-43c3-a65d-3bf4a55d9cd1_Input-Attributes" format="java">
      <types:shape format="weave" example="weave/autogenerated/f9e173bd-180a-43c3-a65d-3bf4a55d9cd1/Input-Attributes.wev" autogeneratedOrigin="5496fcee-0a6a-4aa6-8c21-51ce15b753c1"><![CDATA[%dw 2.0

type auto_f9e173bd_180a_43c3_a65d_3bf4a55d9cd1_Input_Attributes = {|
  clientCertificate?: {|
    publicKey?: {|  |}, 
    "type"?: String, 
    encoded?: Binary
  |}, 
  headers: {| "X-CORRELATION-ID": String |}, 
  listenerPath: String, 
  method: String, 
  queryParams: {|  |}, 
  queryString: String, 
  relativePath: String, 
  remoteAddress: String, 
  requestPath: String, 
  requestUri: String, 
  scheme: String, 
  uriParams: {|  |}, 
  version: String, 
  localAddress: String
|}

]]></types:shape>
    </types:type>
    <types:type name="auto_f9e173bd-180a-43c3-a65d-3bf4a55d9cd1_Input-Variables-outboundHeaders" format="java">
      <types:shape format="weave" example="weave/autogenerated/f9e173bd-180a-43c3-a65d-3bf4a55d9cd1/Input-Variables-outboundHeaders.wev" autogeneratedOrigin="5496fcee-0a6a-4aa6-8c21-51ce15b753c1"><![CDATA[%dw 2.0

type auto_f9e173bd_180a_43c3_a65d_3bf4a55d9cd1_Input_Variables_outboundHeaders = {|  |}

]]></types:shape>
    </types:type>
    <types:type name="auto_f9e173bd-180a-43c3-a65d-3bf4a55d9cd1_Input-Variables-httpStatus" format="java">
      <types:shape format="raml" autogeneratedOrigin="5496fcee-0a6a-4aa6-8c21-51ce15b753c1"><![CDATA[#%RAML 1.0 DataType
type: string]]></types:shape>
    </types:type>
    <types:type name="auto_f9e173bd-180a-43c3-a65d-3bf4a55d9cd1_Output-Payload" format="json">
      <types:shape format="weave" autogeneratedOrigin="5496fcee-0a6a-4aa6-8c21-51ce15b753c1"><![CDATA[%dw 2.0

type auto_f9e173bd_180a_43c3_a65d_3bf4a55d9cd1_Output_Payload = Array<{|  Id?: String,   Name?: String,   Type?: String,   Industry?: String,   Phone?: String,   Website?: String,   AccountNumber?: String,   AnnualRevenue?: Number {"typeId": "int"},   NumberOfEmployees?: Number {"typeId": "int"},   Ownership?: String,   Rating?: String,   BillingStreet?: String,   BillingCity?: String,   BillingState?: String,   BillingPostalCode?: String,   BillingCountry?: String,   ShippingStreet?: String,   ShippingCity?: String,   ShippingState?: String,   ShippingPostalCode?: String,   ShippingCountry?: String,   Description?: String,   CreatedDate?: String,   LastModifiedDate?: String|}> {"example": "[{\\\"Id\\\":\\\"0015g00000A3xZkAAJ\\\",\\\"Name\\\":\\\"Acme Corporation\\\",\\\"Type\\\":\\\"Customer\\\",\\\"Industry\\\":\\\"Manufacturing\\\",\\\"Phone\\\":\\\"+1-415-555-1234\\\",\\\"Website\\\":\\\"https:\\/\\/www.acme.com\\\",\\\"AccountNumber\\\":\\\"ACM-001\\\",\\\"AnnualRevenue\\\":12500000,\\\"NumberOfEmployees\\\":240,\\\"Ownership\\\":\\\"Private\\\",\\\"Rating\\\":\\\"Hot\\\",\\\"BillingStreet\\\":\\\"123 Market Street\\\",\\\"BillingCity\\\":\\\"San Francisco\\\",\\\"BillingState\\\":\\\"CA\\\",\\\"BillingPostalCode\\\":\\\"94105\\\",\\\"BillingCountry\\\":\\\"USA\\\",\\\"ShippingStreet\\\":\\\"456 Industrial Road\\\",\\\"ShippingCity\\\":\\\"Oakland\\\",\\\"ShippingState\\\":\\\"CA\\\",\\\"ShippingPostalCode\\\":\\\"94612\\\",\\\"ShippingCountry\\\":\\\"USA\\\",\\\"Description\\\":\\\"Key manufacturing partner for western region.\\\",\\\"CreatedDate\\\":\\\"2025-11-01T19:45:30.000+0000\\\",\\\"LastModifiedDate\\\":\\\"2025-11-01T19:50:12.000+0000\\\"}]"}

]]></types:shape>
    </types:type>
    <types:type name="auto_f9e173bd-180a-43c3-a65d-3bf4a55d9cd1_Output-Attributes" format="java">
      <types:shape format="weave" example="weave/autogenerated/f9e173bd-180a-43c3-a65d-3bf4a55d9cd1/Output-Attributes.wev" autogeneratedOrigin="5496fcee-0a6a-4aa6-8c21-51ce15b753c1"><![CDATA[%dw 2.0

type auto_f9e173bd_180a_43c3_a65d_3bf4a55d9cd1_Output_Attributes = Null

]]></types:shape>
    </types:type>
    <types:type name="auto_f9e173bd-180a-43c3-a65d-3bf4a55d9cd1_Output-Variables-outboundHeaders" format="java">
      <types:shape format="weave" example="weave/autogenerated/f9e173bd-180a-43c3-a65d-3bf4a55d9cd1/Output-Variables-outboundHeaders.wev" autogeneratedOrigin="5496fcee-0a6a-4aa6-8c21-51ce15b753c1"><![CDATA[%dw 2.0

type auto_f9e173bd_180a_43c3_a65d_3bf4a55d9cd1_Output_Variables_outboundHeaders = {|  |}

]]></types:shape>
    </types:type>
    <types:type name="auto_f9e173bd-180a-43c3-a65d-3bf4a55d9cd1_Output-Variables-httpStatus" format="java">
      <types:shape format="raml" autogeneratedOrigin="5496fcee-0a6a-4aa6-8c21-51ce15b753c1"><![CDATA[#%RAML 1.0 DataType
type: string]]></types:shape>
    </types:type>
    <types:type name="AccountJSON" format="json">
      <types:shape format="weave" example="examples/Account1.json"><![CDATA[%dw 2.0

type AccountJSON = Array<{|  Name: String,   Type: String,   Industry: String,   Phone: String,   Website: String,   AccountNumber: String,   AnnualRevenue: Number {"typeId": "int"},   NumberOfEmployees: Number {"typeId": "int"},   Ownership: String,   Rating: String,   Description: String,   BillingStreet: String,   BillingCity: String,   BillingState: String,   BillingPostalCode: String,   BillingCountry: String,   ShippingStreet: String,   ShippingCity: String,   ShippingState: String,   ShippingPostalCode: String,   ShippingCountry: String,   ParentId: String|}> {"example": "[{\\\"Name\\\":\\\"Acme Corporation\\\",\\\"Type\\\":\\\"Customer\\\",\\\"Industry\\\":\\\"Manufacturing\\\",\\\"Phone\\\":\\\"+1-415-555-1234\\\",\\\"Website\\\":\\\"https:\\/\\/www.acme.com\\\",\\\"AccountNumber\\\":\\\"ACM-001\\\",\\\"AnnualRevenue\\\":12500000,\\\"NumberOfEmployees\\\":240,\\\"Ownership\\\":\\\"Private\\\",\\\"Rating\\\":\\\"Hot\\\",\\\"Description\\\":\\\"Key manufacturing partner for western region.\\\",\\\"BillingStreet\\\":\\\"123 Market Street\\\",\\\"BillingCity\\\":\\\"San Francisco\\\",\\\"BillingState\\\":\\\"CA\\\",\\\"BillingPostalCode\\\":\\\"94105\\\",\\\"BillingCountry\\\":\\\"USA\\\",\\\"ShippingStreet\\\":\\\"456 Industrial Road\\\",\\\"ShippingCity\\\":\\\"Oakland\\\",\\\"ShippingState\\\":\\\"CA\\\",\\\"ShippingPostalCode\\\":\\\"94612\\\",\\\"ShippingCountry\\\":\\\"USA\\\",\\\"ParentId\\\":\\\"334334343333334\\\"}]"}

]]></types:shape>
    </types:type>
    <types:type name="auto_f1f4c9a5-5f34-4a62-9654-658bc6814085_Input-Payload" format="java">
      <types:shape format="weave" example="weave/autogenerated/f1f4c9a5-5f34-4a62-9654-658bc6814085/Input-Payload.wev" autogeneratedOrigin="781affc4-9804-4e19-aa4f-e391d4625913"><![CDATA[%dw 2.0

type auto_f1f4c9a5_5f34_4a62_9654_658bc6814085_Input_Payload = Any

]]></types:shape>
    </types:type>
    <types:type name="auto_f1f4c9a5-5f34-4a62-9654-658bc6814085_Input-Attributes" format="java">
      <types:shape format="weave" example="weave/autogenerated/f1f4c9a5-5f34-4a62-9654-658bc6814085/Input-Attributes.wev" autogeneratedOrigin="781affc4-9804-4e19-aa4f-e391d4625913"><![CDATA[%dw 2.0

type auto_f1f4c9a5_5f34_4a62_9654_658bc6814085_Input_Attributes = {|
  clientCertificate?: {|
    publicKey?: {|  |}, 
    "type"?: String, 
    encoded?: Binary
  |}, 
  headers: {| "X-CORRELATION-ID": String |}, 
  listenerPath: String, 
  method: String, 
  queryParams: {|  |}, 
  queryString: String, 
  relativePath: String, 
  remoteAddress: String, 
  requestPath: String, 
  requestUri: String, 
  scheme: String, 
  uriParams: {| accountId: String |}, 
  version: String, 
  localAddress: String
|}

]]></types:shape>
    </types:type>
    <types:type name="auto_f1f4c9a5-5f34-4a62-9654-658bc6814085_Input-Variables-outboundHeaders" format="java">
      <types:shape format="weave" example="weave/autogenerated/f1f4c9a5-5f34-4a62-9654-658bc6814085/Input-Variables-outboundHeaders.wev" autogeneratedOrigin="781affc4-9804-4e19-aa4f-e391d4625913"><![CDATA[%dw 2.0

type auto_f1f4c9a5_5f34_4a62_9654_658bc6814085_Input_Variables_outboundHeaders = {|  |}

]]></types:shape>
    </types:type>
    <types:type name="auto_f1f4c9a5-5f34-4a62-9654-658bc6814085_Input-Variables-httpStatus" format="java">
      <types:shape format="raml" autogeneratedOrigin="781affc4-9804-4e19-aa4f-e391d4625913"><![CDATA[#%RAML 1.0 DataType
type: string]]></types:shape>
    </types:type>
    <types:type name="auto_f1f4c9a5-5f34-4a62-9654-658bc6814085_Output-Payload" format="json">
      <types:shape format="weave" autogeneratedOrigin="781affc4-9804-4e19-aa4f-e391d4625913"><![CDATA[%dw 2.0

type auto_f1f4c9a5_5f34_4a62_9654_658bc6814085_Output_Payload = Array<{|  Id?: String,   Name?: String,   Type?: String,   Industry?: String,   Phone?: String,   Website?: String,   AccountNumber?: String,   AnnualRevenue?: Number {"typeId": "int"},   NumberOfEmployees?: Number {"typeId": "int"},   Ownership?: String,   Rating?: String,   BillingStreet?: String,   BillingCity?: String,   BillingState?: String,   BillingPostalCode?: String,   BillingCountry?: String,   ShippingStreet?: String,   ShippingCity?: String,   ShippingState?: String,   ShippingPostalCode?: String,   ShippingCountry?: String,   Description?: String,   CreatedDate?: String,   LastModifiedDate?: String|}> {"example": "[{\\\"Id\\\":\\\"0015g00000A3xZkAAJ\\\",\\\"Name\\\":\\\"Acme Corporation\\\",\\\"Type\\\":\\\"Customer\\\",\\\"Industry\\\":\\\"Manufacturing\\\",\\\"Phone\\\":\\\"+1-415-555-1234\\\",\\\"Website\\\":\\\"https:\\/\\/www.acme.com\\\",\\\"AccountNumber\\\":\\\"ACM-001\\\",\\\"AnnualRevenue\\\":12500000,\\\"NumberOfEmployees\\\":240,\\\"Ownership\\\":\\\"Private\\\",\\\"Rating\\\":\\\"Hot\\\",\\\"BillingStreet\\\":\\\"123 Market Street\\\",\\\"BillingCity\\\":\\\"San Francisco\\\",\\\"BillingState\\\":\\\"CA\\\",\\\"BillingPostalCode\\\":\\\"94105\\\",\\\"BillingCountry\\\":\\\"USA\\\",\\\"ShippingStreet\\\":\\\"456 Industrial Road\\\",\\\"ShippingCity\\\":\\\"Oakland\\\",\\\"ShippingState\\\":\\\"CA\\\",\\\"ShippingPostalCode\\\":\\\"94612\\\",\\\"ShippingCountry\\\":\\\"USA\\\",\\\"Description\\\":\\\"Key manufacturing partner for western region.\\\",\\\"CreatedDate\\\":\\\"2025-11-01T19:45:30.000+0000\\\",\\\"LastModifiedDate\\\":\\\"2025-11-01T19:50:12.000+0000\\\"}]"}

]]></types:shape>
    </types:type>
    <types:type name="auto_f1f4c9a5-5f34-4a62-9654-658bc6814085_Output-Attributes" format="java">
      <types:shape format="weave" example="weave/autogenerated/f1f4c9a5-5f34-4a62-9654-658bc6814085/Output-Attributes.wev" autogeneratedOrigin="781affc4-9804-4e19-aa4f-e391d4625913"><![CDATA[%dw 2.0

type auto_f1f4c9a5_5f34_4a62_9654_658bc6814085_Output_Attributes = Null

]]></types:shape>
    </types:type>
    <types:type name="auto_f1f4c9a5-5f34-4a62-9654-658bc6814085_Output-Variables-accountId" format="java">
      <types:shape format="weave" example="weave/autogenerated/f1f4c9a5-5f34-4a62-9654-658bc6814085/Output-Variables-accountId.wev" autogeneratedOrigin="781affc4-9804-4e19-aa4f-e391d4625913"><![CDATA[%dw 2.0

type auto_f1f4c9a5_5f34_4a62_9654_658bc6814085_Output_Variables_accountId = Any

]]></types:shape>
    </types:type>
    <types:type name="auto_f1f4c9a5-5f34-4a62-9654-658bc6814085_Output-Variables-outboundHeaders" format="java">
      <types:shape format="weave" example="weave/autogenerated/f1f4c9a5-5f34-4a62-9654-658bc6814085/Output-Variables-outboundHeaders.wev" autogeneratedOrigin="781affc4-9804-4e19-aa4f-e391d4625913"><![CDATA[%dw 2.0

type auto_f1f4c9a5_5f34_4a62_9654_658bc6814085_Output_Variables_outboundHeaders = {|  |}

]]></types:shape>
    </types:type>
    <types:type name="auto_f1f4c9a5-5f34-4a62-9654-658bc6814085_Output-Variables-httpStatus" format="java">
      <types:shape format="raml" autogeneratedOrigin="781affc4-9804-4e19-aa4f-e391d4625913"><![CDATA[#%RAML 1.0 DataType
type: string]]></types:shape>
    </types:type>
    <types:type name="auto_3164e94b-5623-4b83-9f04-18d5559773d0_Input-Payload" format="json">
      <types:shape format="weave" example="weave/autogenerated/3164e94b-5623-4b83-9f04-18d5559773d0/Input-Payload.wev" autogeneratedOrigin="9f68a88d-626b-47f7-af44-86c3fd1859c5"><![CDATA[%dw 2.0

type auto_3164e94b_5623_4b83_9f04_18d5559773d0_Input_Payload = Array<{  ParentId?: String,   Ownership?: "Subsidiary" | "Private" | "Public" | "Other",   Description?: String,   BillingCity?: String,   Rating?: "Cold" | "Hot" | "Warm",   Website?: String,   NumberOfEmployees: Number,   Name: String,   AccountNumber: String,   ShippingStreet?: String,   Industry: String,   Type: "Customer" | "Prospect" | "Partner" | "Other",   BillingCountry?: String,   BillingStreet?: String,   Phone: String,   ShippingPostalCode?: String,   ShippingCountry?: String,   BillingPostalCode?: String,   ShippingCity?: String,   ShippingState?: String,   AnnualRevenue: Number,   BillingState?: String,   _?: Any}>

]]></types:shape>
    </types:type>
    <types:type name="auto_3164e94b-5623-4b83-9f04-18d5559773d0_Input-Attributes" format="java">
      <types:shape format="weave" example="weave/autogenerated/3164e94b-5623-4b83-9f04-18d5559773d0/Input-Attributes.wev" autogeneratedOrigin="9f68a88d-626b-47f7-af44-86c3fd1859c5"><![CDATA[%dw 2.0

type auto_3164e94b_5623_4b83_9f04_18d5559773d0_Input_Attributes = {|
  clientCertificate?: {|
    publicKey?: {|  |}, 
    "type"?: String, 
    encoded?: Binary
  |}, 
  headers: {| "X-CORRELATION-ID": String |}, 
  listenerPath: String, 
  method: String, 
  queryParams: {|  |}, 
  queryString: String, 
  relativePath: String, 
  remoteAddress: String, 
  requestPath: String, 
  requestUri: String, 
  scheme: String, 
  uriParams: {|  |}, 
  version: String, 
  localAddress: String
|}

]]></types:shape>
    </types:type>
    <types:type name="auto_3164e94b-5623-4b83-9f04-18d5559773d0_Input-Variables-outboundHeaders" format="java">
      <types:shape format="weave" example="weave/autogenerated/3164e94b-5623-4b83-9f04-18d5559773d0/Input-Variables-outboundHeaders.wev" autogeneratedOrigin="9f68a88d-626b-47f7-af44-86c3fd1859c5"><![CDATA[%dw 2.0

type auto_3164e94b_5623_4b83_9f04_18d5559773d0_Input_Variables_outboundHeaders = {|  |}

]]></types:shape>
    </types:type>
    <types:type name="auto_3164e94b-5623-4b83-9f04-18d5559773d0_Input-Variables-httpStatus" format="java">
      <types:shape format="raml" autogeneratedOrigin="9f68a88d-626b-47f7-af44-86c3fd1859c5"><![CDATA[#%RAML 1.0 DataType
type: string]]></types:shape>
    </types:type>
    <types:type name="auto_3164e94b-5623-4b83-9f04-18d5559773d0_Output-Payload" format="json">
      <types:shape format="weave" autogeneratedOrigin="9f68a88d-626b-47f7-af44-86c3fd1859c5"><![CDATA[%dw 2.0

type auto_3164e94b_5623_4b83_9f04_18d5559773d0_Output_Payload = {|
  id?: String, 
  success?: Boolean, 
  errors?: Array<Any>
|} {"example": "{\\\"id\\\":\\\"0015g00000A3xZkAAJ\\\",\\\"success\\\":true,\\\"errors\\\":[]}"}

]]></types:shape>
    </types:type>
    <types:type name="auto_3164e94b-5623-4b83-9f04-18d5559773d0_Output-Attributes" format="java">
      <types:shape format="weave" example="weave/autogenerated/3164e94b-5623-4b83-9f04-18d5559773d0/Output-Attributes.wev" autogeneratedOrigin="9f68a88d-626b-47f7-af44-86c3fd1859c5"><![CDATA[%dw 2.0

type auto_3164e94b_5623_4b83_9f04_18d5559773d0_Output_Attributes = Null

]]></types:shape>
    </types:type>
    <types:type name="auto_3164e94b-5623-4b83-9f04-18d5559773d0_Output-Variables-outboundHeaders" format="java">
      <types:shape format="weave" example="weave/autogenerated/3164e94b-5623-4b83-9f04-18d5559773d0/Output-Variables-outboundHeaders.wev" autogeneratedOrigin="9f68a88d-626b-47f7-af44-86c3fd1859c5"><![CDATA[%dw 2.0

type auto_3164e94b_5623_4b83_9f04_18d5559773d0_Output_Variables_outboundHeaders = {|  |}

]]></types:shape>
    </types:type>
    <types:type name="auto_3164e94b-5623-4b83-9f04-18d5559773d0_Output-Variables-httpStatus" format="java">
      <types:shape format="raml" autogeneratedOrigin="9f68a88d-626b-47f7-af44-86c3fd1859c5"><![CDATA[#%RAML 1.0 DataType
type: string]]></types:shape>
    </types:type>
    <types:type name="auto_3ea6a14d-6a7b-4b73-84cb-32e14dafb920_Input-Payload" format="java">
      <types:shape format="weave" example="weave/autogenerated/3ea6a14d-6a7b-4b73-84cb-32e14dafb920/Input-Payload.wev" autogeneratedOrigin="d8162469-afaa-4980-9243-b8598a29ac2d"><![CDATA[%dw 2.0

type auto_3ea6a14d_6a7b_4b73_84cb_32e14dafb920_Input_Payload = Any

]]></types:shape>
    </types:type>
    <types:type name="auto_3ea6a14d-6a7b-4b73-84cb-32e14dafb920_Input-Attributes" format="java">
      <types:shape format="weave" example="weave/autogenerated/3ea6a14d-6a7b-4b73-84cb-32e14dafb920/Input-Attributes.wev" autogeneratedOrigin="d8162469-afaa-4980-9243-b8598a29ac2d"><![CDATA[%dw 2.0

type auto_3ea6a14d_6a7b_4b73_84cb_32e14dafb920_Input_Attributes = {|
  clientCertificate?: {|
    publicKey?: {|  |}, 
    "type"?: String, 
    encoded?: Binary
  |}, 
  headers: {| "X-CORRELATION-ID": String |}, 
  listenerPath: String, 
  method: String, 
  queryParams: {|  |}, 
  queryString: String, 
  relativePath: String, 
  remoteAddress: String, 
  requestPath: String, 
  requestUri: String, 
  scheme: String, 
  uriParams: {| accountId: String |}, 
  version: String, 
  localAddress: String
|}

]]></types:shape>
    </types:type>
    <types:type name="auto_3ea6a14d-6a7b-4b73-84cb-32e14dafb920_Input-Variables-outboundHeaders" format="java">
      <types:shape format="weave" example="weave/autogenerated/3ea6a14d-6a7b-4b73-84cb-32e14dafb920/Input-Variables-outboundHeaders.wev" autogeneratedOrigin="d8162469-afaa-4980-9243-b8598a29ac2d"><![CDATA[%dw 2.0

type auto_3ea6a14d_6a7b_4b73_84cb_32e14dafb920_Input_Variables_outboundHeaders = {|  |}

]]></types:shape>
    </types:type>
    <types:type name="auto_3ea6a14d-6a7b-4b73-84cb-32e14dafb920_Input-Variables-httpStatus" format="java">
      <types:shape format="raml" autogeneratedOrigin="d8162469-afaa-4980-9243-b8598a29ac2d"><![CDATA[#%RAML 1.0 DataType
type: string]]></types:shape>
    </types:type>
    <types:type name="auto_3ea6a14d-6a7b-4b73-84cb-32e14dafb920_Output-Payload" format="json">
      <types:shape format="weave" autogeneratedOrigin="d8162469-afaa-4980-9243-b8598a29ac2d"><![CDATA[%dw 2.0

type auto_3ea6a14d_6a7b_4b73_84cb_32e14dafb920_Output_Payload = Array<{|  Id?: String,   FirstName?: String,   LastName?: String,   Email?: String,   Phone?: String,   Title?: String|}> {"example": "[{\\\"Id\\\":\\\"0035g00000B6pTZAAY\\\",\\\"FirstName\\\":\\\"Jane\\\",\\\"LastName\\\":\\\"Doe\\\",\\\"Email\\\":\\\"jane.doe@acme.com\\\",\\\"Phone\\\":\\\"+1-415-555-6789\\\",\\\"Title\\\":\\\"Procurement Manager\\\"},{\\\"Id\\\":\\\"0035g00000B6pTZBBY\\\",\\\"FirstName\\\":\\\"John\\\",\\\"LastName\\\":\\\"Smith\\\",\\\"Email\\\":\\\"john.smith@acme.com\\\",\\\"Phone\\\":\\\"+1-415-555-2345\\\",\\\"Title\\\":\\\"Finance Director\\\"}]"}

]]></types:shape>
    </types:type>
    <types:type name="auto_3ea6a14d-6a7b-4b73-84cb-32e14dafb920_Output-Attributes" format="java">
      <types:shape format="weave" example="weave/autogenerated/3ea6a14d-6a7b-4b73-84cb-32e14dafb920/Output-Attributes.wev" autogeneratedOrigin="d8162469-afaa-4980-9243-b8598a29ac2d"><![CDATA[%dw 2.0

type auto_3ea6a14d_6a7b_4b73_84cb_32e14dafb920_Output_Attributes = Null

]]></types:shape>
    </types:type>
    <types:type name="auto_3ea6a14d-6a7b-4b73-84cb-32e14dafb920_Output-Variables-accountId" format="java">
      <types:shape format="weave" example="weave/autogenerated/3ea6a14d-6a7b-4b73-84cb-32e14dafb920/Output-Variables-accountId.wev" autogeneratedOrigin="d8162469-afaa-4980-9243-b8598a29ac2d"><![CDATA[%dw 2.0

type auto_3ea6a14d_6a7b_4b73_84cb_32e14dafb920_Output_Variables_accountId = Any

]]></types:shape>
    </types:type>
    <types:type name="auto_3ea6a14d-6a7b-4b73-84cb-32e14dafb920_Output-Variables-outboundHeaders" format="java">
      <types:shape format="weave" example="weave/autogenerated/3ea6a14d-6a7b-4b73-84cb-32e14dafb920/Output-Variables-outboundHeaders.wev" autogeneratedOrigin="d8162469-afaa-4980-9243-b8598a29ac2d"><![CDATA[%dw 2.0

type auto_3ea6a14d_6a7b_4b73_84cb_32e14dafb920_Output_Variables_outboundHeaders = {|  |}

]]></types:shape>
    </types:type>
    <types:type name="auto_3ea6a14d-6a7b-4b73-84cb-32e14dafb920_Output-Variables-httpStatus" format="java">
      <types:shape format="raml" autogeneratedOrigin="d8162469-afaa-4980-9243-b8598a29ac2d"><![CDATA[#%RAML 1.0 DataType
type: string]]></types:shape>
    </types:type>
    <types:type name="ContactJSON" format="json">
      <types:shape format="weave" example="examples/Contact.json"><![CDATA[%dw 2.0

type ContactJSON = Array<{|  AccountId: String,   FirstName: String,   LastName: String,   Salutation: String,   Title: String,   Department: String,   Phone: String,   MobilePhone: String,   Email: String,   MailingStreet: String,   MailingCity: String,   MailingState: String,   MailingPostalCode: String,   MailingCountry: String,   Description: String,   LeadSource: String,   AssistantName: String,   AssistantPhone: String|}> {"example": "[{\\\"AccountId\\\":\\\"0015g00000A3xZkAAJ\\\",\\\"FirstName\\\":\\\"Jane\\\",\\\"LastName\\\":\\\"Doe\\\",\\\"Salutation\\\":\\\"Ms.\\\",\\\"Title\\\":\\\"Procurement Manager\\\",\\\"Department\\\":\\\"Operations\\\",\\\"Phone\\\":\\\"+1-415-555-6789\\\",\\\"MobilePhone\\\":\\\"+1-415-555-9876\\\",\\\"Email\\\":\\\"jane.doe@acme.com\\\",\\\"MailingStreet\\\":\\\"123 Market Street\\\",\\\"MailingCity\\\":\\\"San Francisco\\\",\\\"MailingState\\\":\\\"CA\\\",\\\"MailingPostalCode\\\":\\\"94105\\\",\\\"MailingCountry\\\":\\\"USA\\\",\\\"Description\\\":\\\"Primary procurement contact for Acme Corporation.\\\",\\\"LeadSource\\\":\\\"Web\\\",\\\"AssistantName\\\":\\\"Tom Smith\\\",\\\"AssistantPhone\\\":\\\"+1-415-555-2233\\\"}]"}

]]></types:shape>
    </types:type>
    <types:type name="auto_1302f766-f1b7-44c9-9014-2a968f582efb_Input-Payload" format="json">
      <types:shape format="weave" example="examples/Contact.json" autogeneratedOrigin="310e09e4-d8db-487a-8be3-768117390409"><![CDATA[%dw 2.0

type auto_1302f766_f1b7_44c9_9014_2a968f582efb_Input_Payload = Array<{|  AccountId?: String,   FirstName?: String,   LastName?: String,   Salutation?: String,   Title?: String,   Department?: String,   Phone?: String,   MobilePhone?: String,   Email?: String,   MailingStreet?: String,   MailingCity?: String,   MailingState?: String,   MailingPostalCode?: String,   MailingCountry?: String,   Description?: String,   LeadSource?: String,   AssistantName?: String,   AssistantPhone?: String|}> {"example": "[{\\\"AccountId\\\":\\\"0015g00000A3xZkAAJ\\\",\\\"FirstName\\\":\\\"Jane\\\",\\\"LastName\\\":\\\"Doe\\\",\\\"Salutation\\\":\\\"Ms.\\\",\\\"Title\\\":\\\"Procurement Manager\\\",\\\"Department\\\":\\\"Operations\\\",\\\"Phone\\\":\\\"+1-415-555-6789\\\",\\\"MobilePhone\\\":\\\"+1-415-555-9876\\\",\\\"Email\\\":\\\"jane.doe@acme.com\\\",\\\"MailingStreet\\\":\\\"123 Market Street\\\",\\\"MailingCity\\\":\\\"San Francisco\\\",\\\"MailingState\\\":\\\"CA\\\",\\\"MailingPostalCode\\\":\\\"94105\\\",\\\"MailingCountry\\\":\\\"USA\\\",\\\"Description\\\":\\\"Primary procurement contact for Acme Corporation.\\\",\\\"LeadSource\\\":\\\"Web\\\",\\\"AssistantName\\\":\\\"Tom Smith\\\",\\\"AssistantPhone\\\":\\\"+1-415-555-2233\\\"}]"}

]]></types:shape>
    </types:type>
    <types:type name="auto_1302f766-f1b7-44c9-9014-2a968f582efb_Input-Attributes" format="java">
      <types:shape format="weave" example="weave/autogenerated/1302f766-f1b7-44c9-9014-2a968f582efb/Input-Attributes.wev" autogeneratedOrigin="310e09e4-d8db-487a-8be3-768117390409"><![CDATA[%dw 2.0

type auto_1302f766_f1b7_44c9_9014_2a968f582efb_Input_Attributes = {|
  clientCertificate?: {|
    publicKey?: {|  |}, 
    "type"?: String, 
    encoded?: Binary
  |}, 
  headers: {| "X-CORRELATION-ID": String |}, 
  listenerPath: String, 
  method: String, 
  queryParams: {|  |}, 
  queryString: String, 
  relativePath: String, 
  remoteAddress: String, 
  requestPath: String, 
  requestUri: String, 
  scheme: String, 
  uriParams: {| accountId: String |}, 
  version: String, 
  localAddress: String
|}

]]></types:shape>
    </types:type>
    <types:type name="auto_1302f766-f1b7-44c9-9014-2a968f582efb_Input-Variables-outboundHeaders" format="java">
      <types:shape format="weave" example="weave/autogenerated/1302f766-f1b7-44c9-9014-2a968f582efb/Input-Variables-outboundHeaders.wev" autogeneratedOrigin="310e09e4-d8db-487a-8be3-768117390409"><![CDATA[%dw 2.0

type auto_1302f766_f1b7_44c9_9014_2a968f582efb_Input_Variables_outboundHeaders = {|  |}

]]></types:shape>
    </types:type>
    <types:type name="auto_1302f766-f1b7-44c9-9014-2a968f582efb_Input-Variables-httpStatus" format="java">
      <types:shape format="raml" autogeneratedOrigin="310e09e4-d8db-487a-8be3-768117390409"><![CDATA[#%RAML 1.0 DataType
type: string]]></types:shape>
    </types:type>
    <types:type name="auto_1302f766-f1b7-44c9-9014-2a968f582efb_Output-Payload" format="json">
      <types:shape format="weave" autogeneratedOrigin="310e09e4-d8db-487a-8be3-768117390409"><![CDATA[%dw 2.0

type auto_1302f766_f1b7_44c9_9014_2a968f582efb_Output_Payload = {|
  id?: String, 
  success?: Boolean, 
  errors?: Array<Any>
|} {"example": "{\\\"id\\\":\\\"0035g00000B6pTZAAY\\\",\\\"success\\\":true,\\\"errors\\\":[]}"}

]]></types:shape>
    </types:type>
    <types:type name="auto_1302f766-f1b7-44c9-9014-2a968f582efb_Output-Attributes" format="java">
      <types:shape format="weave" example="weave/autogenerated/1302f766-f1b7-44c9-9014-2a968f582efb/Output-Attributes.wev" autogeneratedOrigin="310e09e4-d8db-487a-8be3-768117390409"><![CDATA[%dw 2.0

type auto_1302f766_f1b7_44c9_9014_2a968f582efb_Output_Attributes = Null

]]></types:shape>
    </types:type>
    <types:type name="auto_1302f766-f1b7-44c9-9014-2a968f582efb_Output-Variables-accountId" format="java">
      <types:shape format="weave" example="weave/autogenerated/1302f766-f1b7-44c9-9014-2a968f582efb/Output-Variables-accountId.wev" autogeneratedOrigin="310e09e4-d8db-487a-8be3-768117390409"><![CDATA[%dw 2.0

type auto_1302f766_f1b7_44c9_9014_2a968f582efb_Output_Variables_accountId = Any

]]></types:shape>
    </types:type>
    <types:type name="auto_1302f766-f1b7-44c9-9014-2a968f582efb_Output-Variables-outboundHeaders" format="java">
      <types:shape format="weave" example="weave/autogenerated/1302f766-f1b7-44c9-9014-2a968f582efb/Output-Variables-outboundHeaders.wev" autogeneratedOrigin="310e09e4-d8db-487a-8be3-768117390409"><![CDATA[%dw 2.0

type auto_1302f766_f1b7_44c9_9014_2a968f582efb_Output_Variables_outboundHeaders = {|  |}

]]></types:shape>
    </types:type>
    <types:type name="auto_1302f766-f1b7-44c9-9014-2a968f582efb_Output-Variables-httpStatus" format="java">
      <types:shape format="raml" autogeneratedOrigin="310e09e4-d8db-487a-8be3-768117390409"><![CDATA[#%RAML 1.0 DataType
type: string]]></types:shape>
    </types:type>
  </types:catalog>
  <types:enrichment select="#f9e173bd-180a-43c3-a65d-3bf4a55d9cd1">
    <types:processor-declaration>
      <types:input-event>
        <types:message>
          <types:payload type="auto_f9e173bd-180a-43c3-a65d-3bf4a55d9cd1_Input-Payload"/>
          <types:attributes type="auto_f9e173bd-180a-43c3-a65d-3bf4a55d9cd1_Input-Attributes"/>
        </types:message>
        <types:variables>
          <types:variable name="outboundHeaders" type="auto_f9e173bd-180a-43c3-a65d-3bf4a55d9cd1_Input-Variables-outboundHeaders"/>
          <types:variable name="httpStatus" type="auto_f9e173bd-180a-43c3-a65d-3bf4a55d9cd1_Input-Variables-httpStatus"/>
        </types:variables>
      </types:input-event>
      <types:output-event>
        <types:message>
          <types:payload type="auto_f9e173bd-180a-43c3-a65d-3bf4a55d9cd1_Output-Payload"/>
          <types:attributes type="auto_f9e173bd-180a-43c3-a65d-3bf4a55d9cd1_Output-Attributes"/>
        </types:message>
        <types:variables>
          <types:variable name="outboundHeaders" type="auto_f9e173bd-180a-43c3-a65d-3bf4a55d9cd1_Output-Variables-outboundHeaders"/>
          <types:variable name="httpStatus" type="auto_f9e173bd-180a-43c3-a65d-3bf4a55d9cd1_Output-Variables-httpStatus"/>
        </types:variables>
      </types:output-event>
    </types:processor-declaration>
  </types:enrichment>
  <types:enrichment select="#34c8333d-10c8-4298-8300-90c7d1d1ea16">
    <types:processor-declaration>
      <types:input-event>
        <types:message>
          <types:payload type="AccountJSON"/>
        </types:message>
      </types:input-event>
    </types:processor-declaration>
  </types:enrichment>
  <types:enrichment select="#f1f4c9a5-5f34-4a62-9654-658bc6814085">
    <types:processor-declaration>
      <types:input-event>
        <types:message>
          <types:payload type="auto_f1f4c9a5-5f34-4a62-9654-658bc6814085_Input-Payload"/>
          <types:attributes type="auto_f1f4c9a5-5f34-4a62-9654-658bc6814085_Input-Attributes"/>
        </types:message>
        <types:variables>
          <types:variable name="outboundHeaders" type="auto_f1f4c9a5-5f34-4a62-9654-658bc6814085_Input-Variables-outboundHeaders"/>
          <types:variable name="httpStatus" type="auto_f1f4c9a5-5f34-4a62-9654-658bc6814085_Input-Variables-httpStatus"/>
        </types:variables>
      </types:input-event>
      <types:output-event>
        <types:message>
          <types:payload type="auto_f1f4c9a5-5f34-4a62-9654-658bc6814085_Output-Payload"/>
          <types:attributes type="auto_f1f4c9a5-5f34-4a62-9654-658bc6814085_Output-Attributes"/>
        </types:message>
        <types:variables>
          <types:variable name="accountId" type="auto_f1f4c9a5-5f34-4a62-9654-658bc6814085_Output-Variables-accountId"/>
          <types:variable name="outboundHeaders" type="auto_f1f4c9a5-5f34-4a62-9654-658bc6814085_Output-Variables-outboundHeaders"/>
          <types:variable name="httpStatus" type="auto_f1f4c9a5-5f34-4a62-9654-658bc6814085_Output-Variables-httpStatus"/>
        </types:variables>
      </types:output-event>
    </types:processor-declaration>
  </types:enrichment>
  <types:enrichment select="#3164e94b-5623-4b83-9f04-18d5559773d0">
    <types:processor-declaration>
      <types:input-event>
        <types:message>
          <types:payload type="auto_3164e94b-5623-4b83-9f04-18d5559773d0_Input-Payload"/>
          <types:attributes type="auto_3164e94b-5623-4b83-9f04-18d5559773d0_Input-Attributes"/>
        </types:message>
        <types:variables>
          <types:variable name="outboundHeaders" type="auto_3164e94b-5623-4b83-9f04-18d5559773d0_Input-Variables-outboundHeaders"/>
          <types:variable name="httpStatus" type="auto_3164e94b-5623-4b83-9f04-18d5559773d0_Input-Variables-httpStatus"/>
        </types:variables>
      </types:input-event>
      <types:output-event>
        <types:message>
          <types:payload type="auto_3164e94b-5623-4b83-9f04-18d5559773d0_Output-Payload"/>
          <types:attributes type="auto_3164e94b-5623-4b83-9f04-18d5559773d0_Output-Attributes"/>
        </types:message>
        <types:variables>
          <types:variable name="outboundHeaders" type="auto_3164e94b-5623-4b83-9f04-18d5559773d0_Output-Variables-outboundHeaders"/>
          <types:variable name="httpStatus" type="auto_3164e94b-5623-4b83-9f04-18d5559773d0_Output-Variables-httpStatus"/>
        </types:variables>
      </types:output-event>
    </types:processor-declaration>
  </types:enrichment>
  <types:enrichment select="#3ea6a14d-6a7b-4b73-84cb-32e14dafb920">
    <types:processor-declaration>
      <types:input-event>
        <types:message>
          <types:payload type="auto_3ea6a14d-6a7b-4b73-84cb-32e14dafb920_Input-Payload"/>
          <types:attributes type="auto_3ea6a14d-6a7b-4b73-84cb-32e14dafb920_Input-Attributes"/>
        </types:message>
        <types:variables>
          <types:variable name="outboundHeaders" type="auto_3ea6a14d-6a7b-4b73-84cb-32e14dafb920_Input-Variables-outboundHeaders"/>
          <types:variable name="httpStatus" type="auto_3ea6a14d-6a7b-4b73-84cb-32e14dafb920_Input-Variables-httpStatus"/>
        </types:variables>
      </types:input-event>
      <types:output-event>
        <types:message>
          <types:payload type="auto_3ea6a14d-6a7b-4b73-84cb-32e14dafb920_Output-Payload"/>
          <types:attributes type="auto_3ea6a14d-6a7b-4b73-84cb-32e14dafb920_Output-Attributes"/>
        </types:message>
        <types:variables>
          <types:variable name="accountId" type="auto_3ea6a14d-6a7b-4b73-84cb-32e14dafb920_Output-Variables-accountId"/>
          <types:variable name="outboundHeaders" type="auto_3ea6a14d-6a7b-4b73-84cb-32e14dafb920_Output-Variables-outboundHeaders"/>
          <types:variable name="httpStatus" type="auto_3ea6a14d-6a7b-4b73-84cb-32e14dafb920_Output-Variables-httpStatus"/>
        </types:variables>
      </types:output-event>
    </types:processor-declaration>
  </types:enrichment>
  <types:enrichment select="#b10a6022-e04d-4769-a5dc-458783d3fc60">
    <types:processor-declaration>
      <types:input-event>
        <types:message>
          <types:payload type="ContactJSON"/>
        </types:message>
      </types:input-event>
    </types:processor-declaration>
  </types:enrichment>
  <types:enrichment select="#1302f766-f1b7-44c9-9014-2a968f582efb">
    <types:processor-declaration>
      <types:input-event>
        <types:message>
          <types:payload type="auto_1302f766-f1b7-44c9-9014-2a968f582efb_Input-Payload"/>
          <types:attributes type="auto_1302f766-f1b7-44c9-9014-2a968f582efb_Input-Attributes"/>
        </types:message>
        <types:variables>
          <types:variable name="outboundHeaders" type="auto_1302f766-f1b7-44c9-9014-2a968f582efb_Input-Variables-outboundHeaders"/>
          <types:variable name="httpStatus" type="auto_1302f766-f1b7-44c9-9014-2a968f582efb_Input-Variables-httpStatus"/>
        </types:variables>
      </types:input-event>
      <types:output-event>
        <types:message>
          <types:payload type="auto_1302f766-f1b7-44c9-9014-2a968f582efb_Output-Payload"/>
          <types:attributes type="auto_1302f766-f1b7-44c9-9014-2a968f582efb_Output-Attributes"/>
        </types:message>
        <types:variables>
          <types:variable name="accountId" type="auto_1302f766-f1b7-44c9-9014-2a968f582efb_Output-Variables-accountId"/>
          <types:variable name="outboundHeaders" type="auto_1302f766-f1b7-44c9-9014-2a968f582efb_Output-Variables-outboundHeaders"/>
          <types:variable name="httpStatus" type="auto_1302f766-f1b7-44c9-9014-2a968f582efb_Output-Variables-httpStatus"/>
        </types:variables>
      </types:output-event>
    </types:processor-declaration>
  </types:enrichment>
</types:mule>