<?xml version="1.0" encoding="UTF-8"?>

<mule xmlns:api-gateway="http://www.mulesoft.org/schema/mule/api-gateway" xmlns:secure-properties="http://www.mulesoft.org/schema/mule/secure-properties"
	xmlns:salesforce="http://www.mulesoft.org/schema/mule/salesforce"
	xmlns="http://www.mulesoft.org/schema/mule/core" xmlns:doc="http://www.mulesoft.org/schema/mule/documentation" xmlns:xsi="http://www.w3.org/2001/XMLSchema-instance" xsi:schemaLocation="http://www.mulesoft.org/schema/mule/core http://www.mulesoft.org/schema/mule/core/current/mule.xsd
http://www.mulesoft.org/schema/mule/salesforce http://www.mulesoft.org/schema/mule/salesforce/current/mule-salesforce.xsd
http://www.mulesoft.org/schema/mule/secure-properties http://www.mulesoft.org/schema/mule/secure-properties/current/mule-secure-properties.xsd
http://www.mulesoft.org/schema/mule/api-gateway http://www.mulesoft.org/schema/mule/api-gateway/current/mule-api-gateway.xsd">
	<salesforce:sfdc-config name="Salesforce_Config" doc:name="Salesforce Config" doc:id="20f5f547-2712-444f-829d-4981bb244a9b" >
		<salesforce:basic-connection username="${salesforce.username}" password="${secure::salesforce.password}" securityToken="${secure::salesforce.securityToken}" url="${salesforce.authURL}" />
	</salesforce:sfdc-config>
	<configuration-properties doc:name="Configuration properties" doc:id="cd5ec9b7-cddd-47d0-a148-93393ac155f3" file="config/config-${mule.env}.yaml" />
	<secure-properties:config name="Secure_Properties_Config" doc:name="Secure Properties Config" doc:id="2bfde241-5206-4d4d-b618-8e8c61435d67" file="config/secure-${mule.env}.yaml" key="${mule.secure.key}" >
		<secure-properties:encrypt algorithm="Blowfish" />
	</secure-properties:config>
	<global-property doc:name="Global Property" doc:id="5a033324-bcdf-4448-9d4e-40566ff938d9" name="mule.env" value="dev" />
	<global-property doc:name="Global Property" doc:id="8b0e02fc-81b9-4d0c-bfb5-891a70ec2682" name="mule.secure.key" value="c8553df5-926b-4e13-bfb5-a1ebaf6b23d3" />
	<api-gateway:autodiscovery apiId="${apiId}" ignoreBasePath="true" doc:name="API Autodiscovery" doc:id="d0441cf8-42f8-417c-8372-fa846d3bb32d" flowRef="salesforce-system-api-main" />
</mule>
