<?xml version="1.0" encoding="UTF-8"?>

<mule xmlns:ee="http://www.mulesoft.org/schema/mule/ee/core" xmlns:salesforce="http://www.mulesoft.org/schema/mule/salesforce"
	xmlns="http://www.mulesoft.org/schema/mule/core"
	xmlns:doc="http://www.mulesoft.org/schema/mule/documentation" xmlns:xsi="http://www.w3.org/2001/XMLSchema-instance" xsi:schemaLocation="http://www.mulesoft.org/schema/mule/core http://www.mulesoft.org/schema/mule/core/current/mule.xsd
http://www.mulesoft.org/schema/mule/salesforce http://www.mulesoft.org/schema/mule/salesforce/current/mule-salesforce.xsd
http://www.mulesoft.org/schema/mule/ee/core http://www.mulesoft.org/schema/mule/ee/core/current/mule-ee.xsd">
	<flow name="salesforce-get-all-account-impl-flow" doc:id="f9e173bd-180a-43c3-a65d-3bf4a55d9cd1" >
		<logger level="INFO" doc:name="Log Flow Start" doc:id="3f6e256c-1ef4-446d-bc73-902f0469012b" message='#["Querying all the salesforce account started"]'/>
		<salesforce:query-all doc:name="Query all - Accounts" doc:id="a520eb3e-6a0d-4258-b781-020f9199dc66" config-ref="Salesforce_Config">
			<salesforce:salesforce-query ><![CDATA[SELECT 
    Id,
    Name,
    Type,
    Industry,
    Phone,
    Website,
    AccountNumber,
    AnnualRevenue,
    NumberOfEmployees,
    Ownership,
    Rating,
    BillingStreet,
    BillingCity,
    BillingState,
    BillingPostalCode,
    BillingCountry,
    ShippingStreet,
    ShippingCity,
    ShippingState,
    ShippingPostalCode,
    ShippingCountry,
    Description,
    CreatedDate,
    LastModifiedDate
FROM Account]]></salesforce:salesforce-query>
		</salesforce:query-all>
		<ee:transform doc:name="Transform Message - JSON Response" doc:id="28214075-b3dd-4b02-ab18-c9acbbf073f1" >
			<ee:message >
				<ee:set-payload ><![CDATA[%dw 2.0
output application/json
---
payload]]></ee:set-payload>
			</ee:message>
		</ee:transform>
		<logger level="INFO" doc:name="Log Flow End" doc:id="807ae41e-383d-4571-b4f0-aa4598a0f905" message='#["Querying all the salesforce account completed"]'/>
	</flow>
	<flow name="salesforce-create-single-account-impl-flow" doc:id="3164e94b-5623-4b83-9f04-18d5559773d0" >
		<logger level="INFO" doc:name="Log Flow Start" doc:id="ac8fbe59-255c-415f-81fe-bba811ec37dd" message='#["Create salesforce account started"]' />
		<ee:transform doc:name="Transform Message - Salesforce Account Request" doc:id="34c8333d-10c8-4298-8300-90c7d1d1ea16" >
			<ee:message >
				<ee:set-payload ><![CDATA[%dw 2.0
output application/java
---
payload map ( payload01 , indexOfPayload01 ) -> {
	Name: payload01.Name,
	BillingStreet: payload01.BillingStreet,
	BillingCity: payload01.BillingCity,
	BillingState: payload01.BillingState,
	BillingPostalCode: payload01.BillingPostalCode,
	BillingCountry: payload01.BillingCountry,
	Phone: payload01.Phone,
	AccountNumber: payload01.AccountNumber,
	Website: payload01.Website,
	Industry: payload01.Industry,
	AnnualRevenue: payload01.AnnualRevenue,
	NumberOfEmployees: payload01.NumberOfEmployees,
	Rating: payload01.Rating
}]]></ee:set-payload>
			</ee:message>
		</ee:transform>
		<salesforce:create doc:name="Create Salesforce Account" doc:id="cd1aa48a-3188-490b-9241-acc30d4f0021" config-ref="Salesforce_Config" type="Account"/>
		<ee:transform doc:name="Transform Message - JSON Response" doc:id="626cf801-1f24-4ffc-bb06-6e0837343414" >
			<ee:message >
				<ee:set-payload ><![CDATA[%dw 2.0
output application/json
---
payload]]></ee:set-payload>
			</ee:message>
		</ee:transform>
		<logger level="INFO" doc:name="Log Flow End" doc:id="2901896d-e7e9-42e9-a240-f7e63df98878" message='#["Create salesforce account completed"]' />
	</flow>
	<flow name="salesforce-get-single-account-impl-flow" doc:id="f1f4c9a5-5f34-4a62-9654-658bc6814085" >
		<logger level="INFO" doc:name="Log Flow Start" doc:id="996595f3-1181-4efc-8c2c-731787fa434b" message='#["Querying all the salesforce account started"]' />
		<set-variable value="#[attributes.uriParams.accountId]" doc:name="Set Variable Account Id" doc:id="8d20550a-d6cd-4300-b475-2620f8c8a12a" variableName="accountId" />
		<salesforce:query doc:name="Query Single Account" doc:id="9c2d886c-9e89-4c0f-b4e1-9fa496302707" config-ref="Salesforce_Config" >
			<salesforce:salesforce-query ><![CDATA[SELECT 
    Id,
    Name,
    Type,
    Industry,
    Phone,
    Website,
    AccountNumber,
    AnnualRevenue,
    NumberOfEmployees,
    Ownership,
    Rating,
    BillingStreet,
    BillingCity,
    BillingState,
    BillingPostalCode,
    BillingCountry,
    ShippingStreet,
    ShippingCity,
    ShippingState,
    ShippingPostalCode,
    ShippingCountry,
    Description,
    CreatedDate,
    LastModifiedDate
FROM Account Where Id = ':accountId']]></salesforce:salesforce-query>
			<salesforce:parameters ><![CDATA[#[{
	accountId: vars.accountId
}]]]></salesforce:parameters>
		</salesforce:query>
		<ee:transform doc:name="Transform Message - JSON Response" doc:id="87920cbb-80ce-4642-a15f-627dbb71d61b" >
			<ee:message >
				<ee:set-payload ><![CDATA[%dw 2.0
output application/json
---
payload]]></ee:set-payload>
			</ee:message>
		</ee:transform>
		<logger level="INFO" doc:name="Log Flow End" doc:id="1a4e0e2e-688b-4e05-b6b8-cf6a08382c5d" message='#["Querying all the salesforce account completed"]' />
	</flow>
</mule>
