<?xml version="1.0" encoding="UTF-8"?>

<mule xmlns:ee="http://www.mulesoft.org/schema/mule/ee/core" xmlns:salesforce="http://www.mulesoft.org/schema/mule/salesforce"
	xmlns="http://www.mulesoft.org/schema/mule/core"
	xmlns:doc="http://www.mulesoft.org/schema/mule/documentation" xmlns:xsi="http://www.w3.org/2001/XMLSchema-instance" xsi:schemaLocation="http://www.mulesoft.org/schema/mule/core http://www.mulesoft.org/schema/mule/core/current/mule.xsd
http://www.mulesoft.org/schema/mule/salesforce http://www.mulesoft.org/schema/mule/salesforce/current/mule-salesforce.xsd
http://www.mulesoft.org/schema/mule/ee/core http://www.mulesoft.org/schema/mule/ee/core/current/mule-ee.xsd">
	<flow name="salesforce-get-all-account-contact-impl-flow" doc:id="3ea6a14d-6a7b-4b73-84cb-32e14dafb920" >
		<logger level="INFO" doc:name="Log Flow Start" doc:id="8bdab08d-907b-4f5b-bea3-c0fb9e493e70" message='#["Retrive the Account contacts started"]'/>
		<set-variable value="#[attributes.uriParams.accountId]" doc:name="Set Account Id" doc:id="a506429c-6bfd-4d1e-8fd3-3b369d64dece" variableName="accountId"/>
		<salesforce:query doc:name="Query Account Contacts" doc:id="c2e52f30-6aae-4b0a-aa99-c20898f8aa83" config-ref="Salesforce_Config">
			<salesforce:salesforce-query ><![CDATA[SELECT AccountId,Id, FirstName, LastName, Email, Phone, Title FROM Contact Where AccountId = ':accountId']]></salesforce:salesforce-query>
			<salesforce:parameters ><![CDATA[#[{
	"accountId": vars.accountId default ""
}]]]></salesforce:parameters>
		</salesforce:query>
		<ee:transform doc:name="Transform Message - JSON Response" doc:id="39ed943c-5e72-4505-a640-e6befa5e79d7" >
			<ee:message >
				<ee:set-payload ><![CDATA[%dw 2.0
output application/json
---
payload]]></ee:set-payload>
			</ee:message>
		</ee:transform>
		<logger level="INFO" doc:name="Log Flow End" doc:id="6ab87f24-cc5e-418d-802f-3758b700bdca" message='#["Retrive the Account contacts completed"]'/>
	</flow>
	<flow name="salesforce-create-account-contact-impl-flow" doc:id="1302f766-f1b7-44c9-9014-2a968f582efb" >
		<logger level="INFO" doc:name="Log Flow Start" doc:id="fe5dbe49-4676-457d-b2df-91d74012b97f" message='#["Create account contact started"]'/>
		<set-variable value="#[attributes.uriParams.accountId]" doc:name="Set Account Id" doc:id="9d5b7ff1-ff2e-4a58-b349-e303ca5ade68" variableName="accountId"/>
		<ee:transform doc:name="Transform Message - Contact JSON Request" doc:id="b10a6022-e04d-4769-a5dc-458783d3fc60" >
			<ee:message >
				<ee:set-payload ><![CDATA[%dw 2.0
output application/java
---
payload map ( payload01 , indexOfPayload01 ) -> {
	AccountId: vars.accountId,
	LastName: payload01.LastName,
	FirstName: payload01.FirstName,
	Phone: payload01.Phone,
	MobilePhone: payload01.MobilePhone,
	Email: payload01.Email,
	Title: payload01.Title
}]]></ee:set-payload>
			</ee:message>
		</ee:transform>
		<salesforce:create type="Contact" doc:name="Create Account Contact" doc:id="36ba2948-0b9d-4f96-8d17-e586bba85a1b" config-ref="Salesforce_Config"/>
		<ee:transform doc:name="Transform Message - JSON Response" doc:id="c08cbb2c-93b1-427b-9806-9b030fe03134" >
			<ee:message >
				<ee:set-payload ><![CDATA[%dw 2.0
output application/json
---
payload]]></ee:set-payload>
			</ee:message>
		</ee:transform>
		<logger level="INFO" doc:name="Log Flow End" doc:id="6e2455a7-1d6c-49c8-add5-61bc3bc8653d" message='#["Create account contact completed"]'/>
	</flow>
</mule>
