<?xml version='1.0' encoding='UTF-8'?>
<types:mule xmlns:types="http://www.mulesoft.org/schema/mule/types">
  <types:catalog>
    <types:type name="AccountInputJSON" format="json">
      <types:shape format="weave" example="examples/AccountInpit.json"><![CDATA[%dw 2.0

type AccountInputJSON = Array<{|  Name: String,   Type: String,   Industry: String,   Phone: String,   Website: String,   AccountNumber: String,   AnnualRevenue: String,   NumberOfEmployees: String,   BillingStreet: String,   BillingCity: String,   BillingState: String,   BillingPostalCode: String,   BillingCountry: String|}> {"example": "[{\\\"Name\\\":\\\"Acme Corporation 1\\\",\\\"Type\\\":\\\"Partner\\\",\\\"Industry\\\":\\\"Finance\\\",\\\"Phone\\\":\\\"555-425-3618\\\",\\\"Website\\\":\\\"www.acme1.com\\\",\\\"AccountNumber\\\":\\\"ACCT-0001\\\",\\\"AnnualRevenue\\\":\\\"29964765\\\",\\\"NumberOfEmployees\\\":\\\"1736\\\",\\\"BillingStreet\\\":\\\"123 Market Street\\\",\\\"BillingCity\\\":\\\"San Francisco\\\",\\\"BillingState\\\":\\\"Michigan\\\",\\\"BillingPostalCode\\\":\\\"94105\\\",\\\"BillingCountry\\\":\\\"United States\\\"},{\\\"Name\\\":\\\"Acme Corporation 2\\\",\\\"Type\\\":\\\"Customer\\\",\\\"Industry\\\":\\\"Retail\\\",\\\"Phone\\\":\\\"555-114-4877\\\",\\\"Website\\\":\\\"www.acme2.com\\\",\\\"AccountNumber\\\":\\\"ACCT-0002\\\",\\\"AnnualRevenue\\\":\\\"9037517\\\",\\\"NumberOfEmployees\\\":\\\"4765\\\",\\\"BillingStreet\\\":\\\"123 Market Street\\\",\\\"BillingCity\\\":\\\"San Francisco\\\",\\\"BillingState\\\":\\\"New Hampshire\\\",\\\"BillingPostalCode\\\":\\\"94105\\\",\\\"BillingCountry\\\":\\\"United States\\\"}]"}

]]></types:shape>
    </types:type>
  </types:catalog>
  <types:enrichment select="#da917521-5abd-4fa1-8da7-ec5a6a4feee2">
    <types:processor-declaration>
      <types:input-event>
        <types:message>
          <types:payload type="AccountInputJSON"/>
        </types:message>
      </types:input-event>
    </types:processor-declaration>
  </types:enrichment>
</types:mule>